id,name,last_name,type,email
1,James,Smith,teacher,jsmith@schedulek.com
2,Samantha,Miller,teacher,smiller@schedulek.com
3,William,Davis,teacher,twildav
4,Sophia,Clark,teacher,tsopcla
5,Andrew,Jones,teacher,tandjon
6,Avery,Wilson,teacher,tavewil
7,Emily,Brown,teacher,temibro
8,Oliver,Garcia,teacher,toligar
9,Abigail,Thomas,teacher,tabitho
10,Isaac,Lopez,teacher,tisalop
11,Adam,Johnson,student,ajohnson@schedulek.com
12,Emma,Thompson,student,ethompson@schedulek.com
13,Ethan,Williams,student,sethwil
14,Sarah,Taylor,student,ssartay
15,Alex,Anderson,student,saleand
16,Olivia,Wilson,student,soliwil
17,Noah,Martin,student,snoamar
18,Ava,Moore,student,savamoo
19,William,Allen,student,swilall
20,Isabella,Walker,student,sisawal
21,James,Parker,student,sjampar
22,Charlotte,Hall,student,schahal
23,Daniel,Young,student,sdanyou
24,Elizabeth,King,student,selikin
25,Matthew,Wright,student,smatwri
26,Grace,Hughes,student,sgrahug
27,Lucas,Turner,student,sluctur
28,Lily,Scott,student,slilsco
29,Owen,Campbell,student,sowecam
30,Hannah,Carter,student,shancar
31,Joseph,Baker,student,sjosbak
32,Chloe,Mitchell,student,schlmit
33,Andrew,Harris,student,sandhar
34,Mia,Nelson,student,smianel
35,Daniel,Hill,student,sdanhil
36,Victoria,Green,student,svicgre
37,William,Adams,student,swilada
38,Ella,Anderson,student,selland
39,Joshua,Perez,student,sjosper
40,Avery,Collins,student,savecol
41,Nathan,Robinson,student,snatrob
42,Audrey,Murphy,student,saudmur
43,Ethan,Rivera,student,sethriv
44,Harper,Cook,student,sharcoo
45,Christopher,Bailey,student,schrbai
46,Abigail,Parker,student,sabipar
47,Ethan,Cooper,student,sethcoo
48,Sophie,Ross,student,ssopros
49,Ryan,Bell,student,sryabel
50,Madison,Reed,student,smadree
51,Connor,Powell,student,sconpow
52,Charlotte,Sullivan,student,schasul
53,Isaac,Price,student,sisapri
54,Eleanor,Scott,student,selesco
55,Cameron,Ramirez,student,scamram
56,Mia,Cruz,student,smiacru
57,David,Stone,student,sdavsto
58,Emily,West,student,semiwes
59,Matthew,White,student,smatwhi
60,Amelia,Ortiz,student,sameort
61,Samuel,Gray,student,ssamgra
62,Sofia,Cole,student,ssofcol
63,William,Warren,student,swilwar
64,Victoria,Henderson,student,svichen
65,Sebastian,Morris,student,ssebmor
66,Stella,George,student,sstegeo
67,Jonathan,James,student,sjonjam
68,Emma,Wilkins,student,semmwil
69,Caleb,Hughes,student,scalhug
70,Evelyn,Flores,student,seveflo
71,Noah,Butler,student,snoabut
72,Mila,Stewart,student,smilste
73,Alexander,Watson,student,salewat
74,Anna,Reyes,student,sannrey
75,Dylan,Brooks,student,sdylbro
76,Savannah,Bennett,student,ssavben
77,Ethan,Foster,student,sethfos
78,Addison,Perry,student,saddper
79,Michael,Long,student,smiclon
80,Grace,Thomas,student,sgratho
81,Matthew,Morris,student,smatmor
82,Aria,Foster,student,sarifos
83,Jacob,Ross,student,sjacros
84,Alice,Reid,student,salirei

